kaggle_dataset_names,kaggle_dataset,gcs_path
siim-isic-melanoma-classification,siim-isic-melanoma-classification,gs://kds-f809fea39df606e89617cd8d8e4cacc083fb6e176982f0e5d69215a8
ardamavi/sign-language-digits-dataset,sign-language-digits-dataset,gs://kds-c18b1ce545920c4ae8215ed4d27b5d0f7750de61b4cb246d75d14ff0
benhamner/2016-us-election,2016-us-election,gs://kds-cfa98b95a1976f9029c5394cd5f965acd49df14a09ef419887829841
brendaso/2019-coronavirus-dataset-01212020-01262020,2019-coronavirus-dataset-01212020-01262020,gs://kds-76d0f23d8bd758d64641484e14b74a9817581863e2737bfe8eb17fd2
clmentbisaillon/fake-and-real-news-dataset,fake-and-real-news-dataset,gs://kds-fdc1ecfdc766c93b83f13402073aff240219ec7d62703bb7762b0230
fernandol/countries-of-the-world,countries-of-the-world,gs://kds-2fa4293fc17dc49091c275bf37cf64954da3432ac8cc4367e5a2eb3c
jessicali9530/stanford-dogs-dataset,stanford-dogs-dataset,gs://kds-e69a6044e7ebe7b38e48bfc0e878ef96edcfa8d43514d275d57e1cdb
jsphyg/weather-dataset-rattle-package,weather-dataset-rattle-package,gs://kds-c41f95f74dedd33381468f57c5f9cfa1d4d34479e57ee2a70b71a016
kaggle/sf-salaries,sf-salaries,gs://kds-4f6acdd9d946c98d16247f8998159d2c1916b7d552669faf3a3ee9b9
maxhorowitz/nflplaybyplay2009to2016,nflplaybyplay2009to2016,gs://kds-ef5d67935fae48f14b8fc06afd05e2a2ca91ecc30db06538a60246c3
miroslavsabo/young-people-survey,young-people-survey,gs://kds-41a91a9abfe42b671ae52adef4e34881d3c38f51d6ee6e6dc2842c70
paultimothymooney/blood-cells,blood-cells,gs://kds-41d5a48cf127eac6bdeb84ba4c6ca7af335ab8d094af31f327979f8e
pavanraj159/predicting-a-pulsar-star,predicting-a-pulsar-star,gs://kds-2df10e2b2c3ce25da1b1112b8f71d1c8feb155360574add26e26793f
rmisra/news-headlines-dataset-for-sarcasm-detection,news-headlines-dataset-for-sarcasm-detection,gs://kds-4ff1eef38c1512e5760d54b675b5aa727b2dce72268fb0f3b673a902
rtatman/chocolate-bar-ratings,chocolate-bar-ratings,gs://kds-0975227c2ac38210a739922c951dc666d2c7b0ddf83fa1a49043b64e
shivam2503/diamonds,diamonds,gs://kds-b16a9e958ab2c9e231423d0e4b41677f35c0892890d56fdafe92d3f2
shrutimehta/zomato-restaurants-data,zomato-restaurants-data,gs://kds-36d7ef84d7dda336f6ddfa0730546a6ab271431c75d2fd4da0669d25
uciml/default-of-credit-card-clients-dataset,default-of-credit-card-clients-dataset,gs://kds-3553e16543b39824761f59be24ac13a8985f30c1cb26e08957418466
zillow/zecon,zecon,gs://kds-0b615bddc6a0cd5c34271f3872a415705e26fe51fa16f311ecfa7159
cdeotte/cloud-classifiers,cloud-classifiers,gs://kds-c90a040dd54063d6c1eabeb6f023fe32375112a5c91e52abc9e06ca2
cdeotte/cloud-images-resized,cloud-images-resized,gs://kds-613c8f1fc8ff87859c5fa9cb919008aecef6c88396a7768d10f35445
cdeotte/cloudpred1,cloudpred1,gs://kds-fc5162b549af6b882350a46dd29e537d628469fdf3b571dbf72c5040
cdeotte/data-without-drift,data-without-drift,gs://kds-65b9a169dacc5b19100ff5d6edc981523670b9f5ffc60c89e7d8819f
cdeotte/jpeg-isic2019-128x128,jpeg-isic2019-128x128,gs://kds-d82cc8c369e8888561485b27c654d52f1162736e1b7ac6d16ca9efa4
cdeotte/jpeg-isic2019-192x192,jpeg-isic2019-192x192,gs://kds-8671b15bf402bf4ff23e0880bd61dc7794e8c7a04b5162dfc5b24f66
cdeotte/jpeg-isic2019-256x256,jpeg-isic2019-256x256,gs://kds-bca2672c4b61659e3d8aecf42428adb6039e27bbabcf74ce118b0c14
cdeotte/jpeg-isic2019-384x384,jpeg-isic2019-384x384,gs://kds-aab1ccf8fcddb82b49ee1601edf25b6d94648f33d5589b277eb8b5ea
cdeotte/jpeg-isic2019-512x512,jpeg-isic2019-512x512,gs://kds-71255fee04404d855f4379c00c70f618241fcc71ad595c8ccfe5df69
cdeotte/jpeg-isic2019-768x768,jpeg-isic2019-768x768,gs://kds-0a28f00c0ebd0ce3834a670c081c1855487325912a737be7b892102e
cdeotte/jpeg-melanoma-1024x1024,jpeg-melanoma-1024x1024,gs://kds-cc869b49e79801b6ebdec59b563129672655731ca1cc169de654eb1f
cdeotte/jpeg-melanoma-128x128,jpeg-melanoma-128x128,gs://kds-dc950d88dde039a52ddf59e75b3b0504a93a21c156cad2c5bae8da33
cdeotte/jpeg-melanoma-192x192,jpeg-melanoma-192x192,gs://kds-ea0823664dc2520cdf7c0b9e60d7ac2b5b9a3c72672636db9155a484
cdeotte/jpeg-melanoma-256x256,jpeg-melanoma-256x256,gs://kds-e11b6a683b481e5eb334e15f079e4276368b5d148731a199d380ae5c
cdeotte/jpeg-melanoma-384x384,jpeg-melanoma-384x384,gs://kds-6ee607d126b4383638602774f392e6811a78317d459f00a0717ef715
cdeotte/jpeg-melanoma-512x512,jpeg-melanoma-512x512,gs://kds-cdf4e8d5d7d68d73cecbf03598666ded6c5512405ecf6e12185ff460
cdeotte/jpeg-melanoma-768x768,jpeg-melanoma-768x768,gs://kds-5f3b59f76dd8ff37c326d94f69a5ad87ffda53760ad3778641643255
cdeotte/malignant-v2-1024x1024,malignant-v2-1024x1024,gs://kds-d284f181c7472f4d3ca007bcb2e67824aa5a3a2a588d7a878bc30292
cdeotte/malignant-v2-128x128,malignant-v2-128x128,gs://kds-04179540b7667c50f87e6cf3c4aae95fad60b4b6e2ef72a736caab0b
cdeotte/malignant-v2-192x192,malignant-v2-192x192,gs://kds-9230a9cb8d1249f74dc59e48f53dd6ce293ffa47e549c471dbdbb9a3
cdeotte/malignant-v2-256x256,malignant-v2-256x256,gs://kds-9e5912113bdca38bda75e6858a127bdfd0f26951b4f6843c45974106
cdeotte/malignant-v2-384x384,malignant-v2-384x384,gs://kds-c557c41c0102dc29c1ed0386c4746604d132a95f29eeacf42e522004
cdeotte/malignant-v2-512x512,malignant-v2-512x512,gs://kds-00457c0c555bfdd50b1d2db15abd7feb19d4795037f919a3dc0abbee
cdeotte/malignant-v2-768x768,malignant-v2-768x768,gs://kds-032edf427ad6e338f5392f73759ff404a1a3f25c2abdc4995136de30
cdeotte/malware-timestamps,malware-timestamps,gs://kds-506188ce93e53f99daff22618555feb47930bd655d0125525c9ea707
cdeotte/malware-timestamps-2,malware-timestamps-2,gs://kds-22431f14880076cc17813d4a4c83b4cf8f6134df4a93392eb639ec60
cdeotte/oxford-flowers-tfrecords,oxford-flowers-tfrecords,gs://kds-9aa893abda9aaa05b28596922337bac642b475f88e7a6db37316603c
cdeotte/predictions,predictions,gs://kds-c69a4c49b25c5ae3be59a48edf53f5e47edc937f5e5b261930f8ca6d
cdeotte/rapids,rapids,gs://kds-e81488858c3425e2cb3f9eb36d42ac505981b97c02917bb2c898505c
cdeotte/tf-roberta,tf-roberta,gs://kds-0f9077770f00a17841525dda3027a7543a0a658f70308443c1fb86dd
cdeotte/isic2019-1024x1024,isic2019-1024x1024,gs://kds-dd5bf3fbefb159e1b6fa1d24e7b1bf4e3d9656a7e98be1baf3f40115
cdeotte/isic2019-128x128,isic2019-128x128,gs://kds-1a6e98d443cd82cda860a7d4cc78518e49e258397002f296b8f387a9
cdeotte/isic2019-192x192,isic2019-192x192,gs://kds-acc91bccdc86d8c33d8f854565e6ef73d51c25aab79b4463a7f13dde
cdeotte/isic2019-256x256,isic2019-256x256,gs://kds-436e76b7e255e4499d5d11da9d7ab87646e271e08ec1d546f310ec00
cdeotte/isic2019-384x384,isic2019-384x384,gs://kds-6f9d2143e7fe97eccac0219c1aacb107a234b440670f250683ba40ee
cdeotte/isic2019-512x512,isic2019-512x512,gs://kds-203bea6cc14c2866536ac303b09a6e77a6b3d0a371e96b680836433c
cdeotte/isic2019-768x768,isic2019-768x768,gs://kds-79d9c56dcae7978f98a6bbe8318ac6866ba4778fc95c5871fcfd0f03
cdeotte/jpeg-isic2019-1024x1024,jpeg-isic2019-1024x1024,gs://kds-8d58289559263a040759cc53ebc797fca8979d6435f68a6d330ac881
cdeotte/malignant-128x128,malignant-128x128,gs://kds-1aff281cc5656ab19428aa6677b137617d72670edf0e6aaaad396e33
cdeotte/malignant-192x192,malignant-192x192,gs://kds-651a83763e63d2b91f67e6cc25af7a4d4fa3c0e255e2bfd3181001cd
cdeotte/malignant2-256x256,malignant2-256x256,gs://kds-9dfaec6dfe3907cdfcbfbbc67c257d96306bb896c7383c2920d32928
cdeotte/malignant-256x256,malignant-256x256,gs://kds-a0bc91d0c357ded29aaade45b1395be7516f9ac548b16951aa968ddd
cdeotte/malignant-384x384,malignant-384x384,gs://kds-c646cba6ccbccd24856408d6e73c9b716f402f451f5b861657d91ed4
cdeotte/malignant-512x512,malignant-512x512,gs://kds-f129af7e4a946dfd1da4590cd697ff4b15fa767ac16ce99a6c9bc1c2
cdeotte/malignant-768x768,malignant-768x768,gs://kds-b237573f39767126095ad6d9f5f6862db78f103c082a35363a3fea7a
cdeotte/melanoma-1024x1024,melanoma-1024x1024,gs://kds-6c7a250f2696ec7a21fab126dbe7072eb2176d50c396944eb9121399
cdeotte/melanoma-128x128,melanoma-128x128,gs://kds-4d22e00b225fafd44dbf02888b7f78115138fb0a4094c7e04dcbcaa1
cdeotte/melanoma-192x192,melanoma-192x192,gs://kds-536d5d5b17587db5cd87074effabb2b3c2505670e1c629f40b0b2025
cdeotte/melanoma-256x256,melanoma-256x256,gs://kds-f8af4bf2f6c765dbd327683a170e364332a1750658e910153e98d0d5
cdeotte/melanoma-384x384,melanoma-384x384,gs://kds-71b679af6661316328cfa122f5342b4a84fe0c7c1135d809fbee8ca4
cdeotte/melanoma-512x512,melanoma-512x512,gs://kds-458e4ec4a30e5d927b21efd0633fb2c0a091245fe8db3c415fde5da6
cdeotte/melanoma-768x768,melanoma-768x768,gs://kds-cfb16ed5f55adb5ab35a75a2fe74c3dc11a4b869dc8cfb3d9b1759e1
cdeotte/melanoma-csv-files,melanoma-csv-files,gs://kds-72856d4331480c95c98b7801b0bc5793fb3ecf9979c2ecad2fe8f5e5
shonenkov/bengal-5-fold,bengal-5-fold,gs://kds-b2a2934c4d3a8138ab13d2821d93217558f2ab6237b4d8f4d6d46159
shonenkov/bengalilabeltransforming,bengalilabeltransforming,gs://kds-b99b2a7febc3dc5af983e3f01f2fbfa359798b4c51ff88c91df70a01
shonenkov/bengaliresnet50d128x128kfold,bengaliresnet50d128x128kfold,gs://kds-c92f7e3124828f972eb24c42c84ff24125b50a265c91934c36281d7b
shonenkov/bowl2019publictest,bowl2019publictest,gs://kds-b2611e60ea0384a3093a0b5ebcab7bfc765e8ce9db28e33fcbecc20b
shonenkov/fasttext-300-russian-crawl-pickle,fasttext-300-russian-crawl-pickle,gs://kds-e6d3e41595df35203c38de126e7f4cdc8d316fe413bb1848f443d0cf
shonenkov/ghostnetbengali,ghostnetbengali,gs://kds-e9285c8f94ddf699fb2d7b753e52f48d7bd93f6f34e7c9b9e777a824
shonenkov/x5retailheroupliftrawdata,x5retailheroupliftrawdata,gs://kds-098f066e1946311726c760b787b159c8e0d8e4774b5464b4aa5825cd
shonenkov/alaska2-public-baseline,alaska2-public-baseline,gs://kds-804b98f214e9cc2ae7ae9b55b22b66499ac6de6dcf2c614eb529dd0d
shonenkov/birdcall-check,birdcall-check,gs://kds-abbc61e535ad5cfd7df456bdcd8dd73adb7b203fc06ca5d12ba44c50
shonenkov/dsbowl2019featurelake,dsbowl2019featurelake,gs://kds-76f1460746b1d6ddab9e585034155dd162bf8fe2b93285c2f54de32a
shonenkov/efficientdetpytorch,efficientdetpytorch,gs://kds-b1efc872faf90d9fe26fb1f9ba73bc322112bbc52e723befbb573c23
shonenkov/face-detector,face-detector,gs://kds-9382abf87a314a306463af887ab091343cb641670b01ea5d0ad9a152
shonenkov/isic2016,isic2016,gs://kds-9ac2f237a2b36731b4fb68f1722a8a6714c806a6f5a0e58cde87e0b1
shonenkov/isic2017,isic2017,gs://kds-be82ab74a014ea2500239b74636156ee51e28ba28b0b003f23930091
shonenkov/isic2018,isic2018,gs://kds-16e1fa1af57142180184800a5a23a0373ec0bbbce7ae45379b87aa4e
shonenkov/isic-resnext50d-32x4d-public-checkpoints,isic-resnext50d-32x4d-public-checkpoints,gs://kds-58bcd2f1c324481421e44a8aedc07721d94c257c1dc6808eb15579e8
shonenkov/jigsaw-public-baseline-results,jigsaw-public-baseline-results,gs://kds-f01f05aed19b8fc16de853fa563bb1f9663dd430568de84fd67aa3f8
shonenkov/jigsaw-public-baseline-train-data,jigsaw-public-baseline-train-data,gs://kds-4e0d249e5e268ee97aa83d66328bf9e1e0c0c0c9ce1777dfddabfd0b
shonenkov/kdold-deepfake-effb2,kdold-deepfake-effb2,gs://kds-97fa84d58424ee35cc5153f90823ca723665b576d57251cb77715675
shonenkov/kfolddeepfakeeffb2-flip,kfolddeepfakeeffb2-flip,gs://kds-b95984a05dd4969d6f571b5bb2c0a0273c4238e1c0b230b99b3e3888
shonenkov/melanoma-image-embeddings,melanoma-image-embeddings,gs://kds-64f1c794ebcffb7860dd91811eff547e63eb5827b2fa6eb22a455a26
shonenkov/melanoma-merged-external-data-512x512-jpeg,melanoma-merged-external-data-512x512-jpeg,gs://kds-d755160b932a39260e10e74ab8795d927cf0e4bda39eef39f967a446
shonenkov/melanoma-public-checkpoints,melanoma-public-checkpoints,gs://kds-fe3ab955a6636e3ff04f940b484521a97668197a98ea562c7a188ae7
shonenkov/multitpu-inference,multitpu-inference,gs://kds-dca4c2d578fd2896fa26f4b1d75e40f9a01719dfc49551f5679d8c3d
shonenkov/omegaconf,omegaconf,gs://kds-447824ceb95d2abc0e4921e1456d99913256270fa4c7638fd0529f50
shonenkov/open-subtitles-toxic-pseudo-labeling,open-subtitles-toxic-pseudo-labeling,gs://kds-50424ab75b8ccd757f27a9cdbf87100cdddf424f9823b01823b8d384
shonenkov/pretrained-jasper10x5dr-nomask,pretrained-jasper10x5dr-nomask,gs://kds-9cdb96cc24f4df04d18f79fa1c447113c1cf5bb58a04ea2a5bc6cb10
shonenkov/pytorchefficientnet,pytorchefficientnet,gs://kds-b254f7c18ae182de61e66216ac456afa796e7421a87d6069ed195cba
shonenkov/russian-numbers-asr,russian-numbers-asr,gs://kds-56aaca6d3fe924fc0fde66764302532dbb76abc91929af002b35c7ea
shonenkov/siimisic-melanoma-classification-npy-224-cv2,siimisic-melanoma-classification-npy-224-cv2,gs://kds-5b4d8bdc0b9eebfc283dc456e5983744b8682e9d5415739aab0414bf
shonenkov/timm-efficientdet-pytorch,timm-efficientdet-pytorch,gs://kds-3bfa45c46983ae63011476e78612ca27d6c436736e282f30c3071048
shonenkov/weightedboxesfusion,weightedboxesfusion,gs://kds-bc90d65935377fcceee923ebb08238ffa44c1892fe386de4fcb5d497
shonenkov/wheat-effdet5-fold0-best-checkpoint,wheat-effdet5-fold0-best-checkpoint,gs://kds-3db8dd3880d6e924e3d3cf93e2e3f43a28476964011f5e820274e279
shonenkov/wheat-fasterrcnn-folds,wheat-fasterrcnn-folds,gs://kds-ff174091c75894e7a3a2d466e401674c7cfb0a53ff38bb84a6fa55ec
shonenkov/yetanotherefficientdetpytorch,yetanotherefficientdetpytorch,gs://kds-a7199e71d17a5c3382c198c60bd84e9eb1de06ea46334476be5124be
tt195361/384x384-melanoma-tfrecords-70k-images,384x384-melanoma-tfrecords-70k-images,gs://kds-c35196094e7de516f860d80038a53ea11c51dffb267f29b9870f48bb
tt195361/bengaliaicv19data,bengaliaicv19data,gs://kds-fba0c37be0dc2247f1e11832f5322ab7a32f7795d0fb63dd6598e4ce
graf10a/factorial-hmm,factorial-hmm,gs://kds-3c7c7cdd650c915f25b2d1f77232c99e23c0432f7a07c7a32ab810a1
graf10a/isic-2019,isic-2019,gs://kds-f3c0af210570805156654013ea15b50acc7f32d0e81c0b2da7509f5f
graf10a/siim-512x512-tfrec-q95,siim-512x512-tfrec-q95,gs://kds-cf97595aa8edf68d526e06cba9e93923a24d20742150a0bdf3f10f64
graf10a/siim-512x512-tfrec-q95-test,siim-512x512-tfrec-q95-test,gs://kds-4b4016d302d8240715c84c06a9beecaccacc1fcea5441af592798f99
graf10a/siim-benchmark-submission,siim-benchmark-submission,gs://kds-51c0fa39fcd27a5d8a5d8eacd7f6002ee39f404863ae6ad0a821892d
graf10a/siim-external-data-isic-2019-tfrec-512,siim-external-data-isic-2019-tfrec-512,gs://kds-80cc42fa1d14dfd98a7172004187dd1d8c06eb17071d36ec872431af
graf10a/siim-jpegs-512-extra-malignant,siim-jpegs-512-extra-malignant,gs://kds-70063b654c0722deb8463863b65da1efdd21a33088383b2a7d741e00
graf10a/siim-list-of-duplicates,siim-list-of-duplicates,gs://kds-b9d2adf99fcf6803d79e986794620ea154794b381348a364fdcc0e85
graf10a/siim-png-cc-tfrecords-512-extra-malignant,siim-png-cc-tfrecords-512-extra-malignant,gs://kds-a933b89114e5b188fb05377575b65a8c3cefe4c1ccd66090cee8694b
graf10a/siim-png-cc-tfrecords-512-isic-2019-old,siim-png-cc-tfrecords-512-isic-2019-old,gs://kds-924d6b9eb9736a986ac57f927c406d1ba9a5466393d73ef2561d78e7
graf10a/siim-png-cc-tfrecords-512-test,siim-png-cc-tfrecords-512-test,gs://kds-1c5d263a2719a1c4cfa26c9e88539da850addf06ce66f4bae97200aa
graf10a/siim-png-cc-tfrecords-512-train,siim-png-cc-tfrecords-512-train,gs://kds-ab1a5050f96732c24e72191de12b9cd2c186025323e698e3ecaffab9
graf10a/siim-png-tfrecords-512-extra-malignant,siim-png-tfrecords-512-extra-malignant,gs://kds-20be3d581748af9fef35961b9801afaf826594ae493313d48a5e9928
graf10a/siim-png-tfrecords-512-isic-2019-new,siim-png-tfrecords-512-isic-2019-new,gs://kds-2217254ae36e2c8530157b74cc38e7dd9ffd60a4a244d53bdfc709c7
graf10a/siim-tfrec-1024-part-3,siim-tfrec-1024-part-3,gs://kds-b09c72397075623a0610da5624c3afd6ad9a0807458262a72bbe11bd
graf10a/siim-tfrec-1024-test,siim-tfrec-1024-test,gs://kds-5dfcd258dbf45ca01b7ba58d3d9acd877947db06949b4eb8889ccd4a
graf10a/siim-tfrec-1024-train-part-1,siim-tfrec-1024-train-part-1,gs://kds-1ffc3243c99847b4019b02b267c80454102e7a493c947a7f46b2fc6d
graf10a/siim-tfrec-1024-train-part-2,siim-tfrec-1024-train-part-2,gs://kds-a98d7b54c0948fa9e98994be20e16cb155e6f750be489f8f4a02d707
graf10a/siim-tfrec-224-test,siim-tfrec-224-test,gs://kds-2e253b5c97492d3442ccadf44ea3ad252db24d55d6c1d24e5597f0d3
graf10a/siim-tfrec-224-train,siim-tfrec-224-train,gs://kds-8d344e58166118525f170bd11d5b4260787c6d586b03213f2c8b0781
graf10a/siim-tfrec-256-test,siim-tfrec-256-test,gs://kds-6eb69dc618830e8ed0ffb4ad4c10befe269a6a9d30f4983a4d3a2ad2
graf10a/siim-tfrec-256-train,siim-tfrec-256-train,gs://kds-299f289d93cc4e5ab6b26a92e602f28d02590d86d86293a0ca3be926
graf10a/siim-tfrec-384-test,siim-tfrec-384-test,gs://kds-a1e073c0f75ac3e30a5f9f526aefbf1bb6bf7b35871f63b6e0ec9475
graf10a/siim-tfrec-384-train,siim-tfrec-384-train,gs://kds-31d1ba857c1b54b648d6d2ca244c086662f71948e7f14d81d91dfd79
graf10a/siim-tfrec-768-test,siim-tfrec-768-test,gs://kds-fd802092dad24a3583c3bfc03dba6d2c989b07899a0a1005af0d7739
graf10a/siim-tfrec-768-train-part-1,siim-tfrec-768-train-part-1,gs://kds-6efcfadd7b90746c244beb264639d426c444a9831a247d9af0acb952
graf10a/siim-tfrec-768-train-part-2,siim-tfrec-768-train-part-2,gs://kds-d85c80fc180ae4b4d1fca4ba4d769356a4859d577a211116484a713d
graf10a/siim-tfrec-cc-512-test,siim-tfrec-cc-512-test,gs://kds-47d2ee39aa3697f2f4b91568497c798552d55d8848f9c3bacfba6c4c
tt195361/256x256-melanoma-tfrecords-70k-images,256x256-melanoma-tfrecords-70k-images,gs://kds-ce0e5cb3286425aec39eb8968efc26f7b463490a5403b20078499206
tt195361/768x768-melanoma-tfrecords-70k-images,768x768-melanoma-tfrecords-70k-images,gs://kds-dc98756859a0adb210d1553f077f3ff37d588710e2ec608afa8a7bca
graf10a/siim-png-cc-tfrecords-512-isic-2019-new,siim-png-cc-tfrecords-512-isic-2019-new,gs://kds-3e11227d0ab1e644a135643b262add4af38ee99e2b4c4ba680882b77
graf10a/siim-png-cc-tfrecords-640-extra-malignant,siim-png-cc-tfrecords-640-extra-malignant,gs://kds-72ba4743ad6f8111a713590fbdf616d94c72af5f3af08a3cd96653bf
graf10a/siim-png-cc-tfrecords-640-isic-2019-old,siim-png-cc-tfrecords-640-isic-2019-old,gs://kds-1ae6762135ad53317cf6e7361078cb2004a0a87f1f0277257407475c
graf10a/siim-png-cc-tfrecords-640-test,siim-png-cc-tfrecords-640-test,gs://kds-ebd256dfcf111dabe06e5379e07fea51b3c6c34a2e871eaebb0ffd56
graf10a/siim-png-cc-tfrecords-640-train,siim-png-cc-tfrecords-640-train,gs://kds-fa491846f1d125b66d8877712e95e45ce0dd1666fddd9b850ade45fb
graf10a/siim-pngs-224-test,siim-pngs-224-test,gs://kds-a720b7a806df1807472d3bc776549fa9a295608f988b9f595cd83b52
graf10a/siim-pngs-224-train,siim-pngs-224-train,gs://kds-ef1ae9325f323453eb884c60dea3424d7be02c891e55c7b90bbf1f3b
graf10a/siim-pngs-512-test,siim-pngs-512-test,gs://kds-3393bc3068362ecee2517bd354604823df97bac9dd56106d82c3aa55
graf10a/siim-pngs-640-test,siim-pngs-640-test,gs://kds-11c6da55a362e54596861f19c44542cc48b19daec1b8248129d81676
graf10a/siim-pngs-640-train,siim-pngs-640-train,gs://kds-e24d6ec8307be711357c5a3f9db622bd91516e6376ff339f4d28f08a
graf10a/siim-pngs-768-test-part-1,siim-pngs-768-test-part-1,gs://kds-a9415e84b4aeaad127d1cded17b6f3c059edd992330403b72cd766c1
graf10a/siim-pngs-768-test-part-2,siim-pngs-768-test-part-2,gs://kds-d394c56d9ad96cf597a7a3588d88f2f2e87f2f739260e8d2b6c8edd6
graf10a/siim-pngs-768-train-part-1,siim-pngs-768-train-part-1,gs://kds-e9b6cf31662c0836b00e8303a118b08837ed18893b3fb2194c272e0a
graf10a/siim-pngs-768-train-part-2,siim-pngs-768-train-part-2,gs://kds-09852bc5e2fc2ff33de172445386c0eb0cf90a731e3821249b4dddf6
graf10a/siim-pngs-768-train-part-3,siim-pngs-768-train-part-3,gs://kds-b1416cf9bc848267c4951275d83e00e97239377108f098e848bb142f
graf10a/siim-pngs-768-train-part-4,siim-pngs-768-train-part-4,gs://kds-706eeaf1632f701343f699029efb116caf8d8dfc14e305c527da7b9f
graf10a/siim-pngs-768-train-part-5,siim-pngs-768-train-part-5,gs://kds-88c12b1cf524ebba9ba90c942715326183571e0780e3fbd369758241
graf10a/siim-png-tfrecords-224-test,siim-png-tfrecords-224-test,gs://kds-f5d7e3053b5395e04aa5cd36885b584d8347d3aec48cd29516c95476
graf10a/siim-png-tfrecords-224-train,siim-png-tfrecords-224-train,gs://kds-3aeb3531cb0dec68bf9ea4fd0f034eda5f04dfcb116e5ab5327f4636
graf10a/siim-png-tfrecords-3s-512-train,siim-png-tfrecords-3s-512-train,gs://kds-cc2492058f95462148ce3c939f1fad58d4bed741edfadee35bf92b36
graf10a/siim-png-tfrecords-3s-640-train,siim-png-tfrecords-3s-640-train,gs://kds-5b669ba17209080c86fdf4807b66b8001afb2508d286b167dd3f3634
graf10a/siim-png-tfrecords-3s-cc-512-train,siim-png-tfrecords-3s-cc-512-train,gs://kds-7659d845fd61e188752a9284f312fa272cb2b049ecc9ba03014d0bf6
graf10a/siim-png-tfrecords-512-isic-2019-old,siim-png-tfrecords-512-isic-2019-old,gs://kds-6a9fa2e1b90cbc28cb426062759967f817a5dd562e3483384f8e9a68
graf10a/siim-png-tfrecords-512-test,siim-png-tfrecords-512-test,gs://kds-6c9f9a52f60792f6dee35829356c3595b27cdfd9a0a6797fb1f89d81
graf10a/siim-png-tfrecords-512-train,siim-png-tfrecords-512-train,gs://kds-54751aa25d9b201bcaf1f5b536ce2cee2718f5357774e675ed1c4e92
graf10a/siim-png-tfrecords-640-extra-malignant,siim-png-tfrecords-640-extra-malignant,gs://kds-fd8b913c678308c876dc2d650f01ad85247d57fc6774a6d6a4801171
graf10a/siim-png-tfrecords-640-isic-2019-old,siim-png-tfrecords-640-isic-2019-old,gs://kds-fd785f16869d8214d5eca75e751d8e585babb0b281123bb9c57aa478
graf10a/siim-png-tfrecords-640-test,siim-png-tfrecords-640-test,gs://kds-4dabf85e5eec8e208110f208305a5727c57b9b87121f2a721d8258eb
graf10a/siim-tfrec-cc-256-external,siim-tfrec-cc-256-external,gs://kds-fa5b680bfc6aecb43605578c35870ef519c93dee7202d296fc2c8034
graf10a/siim-tfrec-cc-384-external,siim-tfrec-cc-384-external,gs://kds-1309e5093103bfff7bffd5450a49a382dd536d66334ea02d3816f8da
allen-institute-for-ai/CORD-19-research-challenge,CORD-19-research-challenge,gs://kds-69c04c6302149df4d9326d3ad8e4bdcc23d07058ed0d61abc08df34c
borismarjanovic/price-volume-data-for-all-us-stocks-etfs,price-volume-data-for-all-us-stocks-etfs,gs://kds-373392291ba567ab691b76fecd084d2c432bcc41bc6d3e9481a1c919
datasnaek/youtube-new,youtube-new,gs://kds-a4a7186e03cc3a250498fa54e4191a10b6f717c877ca8d82dce37e32
graf10a/siim-cc-jpegs-128-train,siim-cc-jpegs-128-train,gs://kds-3117d28c599e3657b1690b0870477a4aef22cd9550c5e6ec13a13d74
graf10a/siim-cc-jpegs-640-external,siim-cc-jpegs-640-external,gs://kds-f97466e2d5fe0d05903bc464ed31c27cdd926af9784b4448df0989fa
graf10a/siim-cc-jpegs-640-test,siim-cc-jpegs-640-test,gs://kds-ba84c58046bd118a1b689f36469d909a4690f1d8773e0ae798344495
graf10a/siim-cc-jpegs-768-train-part-1,siim-cc-jpegs-768-train-part-1,gs://kds-9e7d5bc830a65b90237d1ceda815e37443152a540d69e8dfaf7ba45d
graf10a/siim-cc-jpegs-768-train-part-2,siim-cc-jpegs-768-train-part-2,gs://kds-b20b80321077c1e6a1bcfb9f3055e537d71b3449a241722ad168ae79
graf10a/siim-color-constant-512-test,siim-color-constant-512-test,gs://kds-73f49e006e3ab478be6fb7359aba041954beaeda6125191dde4c44f2
graf10a/siim-pngs-512-train,siim-pngs-512-train,gs://kds-bd6c7a8b4806562a0c4840add6352121eb0ca864f7fe2e4a985a6031
graf10a/siim-tfrec-cc-128-external,siim-tfrec-cc-128-external,gs://kds-55512761febd386483aeccf148d6cbfc705c24371e85a88e2c68875b
graf10a/siim-tfrec-cc-128-test,siim-tfrec-cc-128-test,gs://kds-0bf59c2039cefa6a45ce0586b8232ae7a0aef18081c143d90ca44828
graf10a/siim-tfrec-cc-128-train,siim-tfrec-cc-128-train,gs://kds-58bf960fe4a3ef847a9556f578f55f4a868a2e09e2e0546c8e41fb5a
graf10a/siim-tfrec-cc-256-train,siim-tfrec-cc-256-train,gs://kds-76ca0b22fa22cd8d1d35cf9fab4870a2fe27148c18e60f4ae81bf4e2
graf10a/siim-tfrec-cc-384-train,siim-tfrec-cc-384-train,gs://kds-4d1f37306fa666bc0b305c02fd9b37345a22fadfd450346cd739fd5f
graf10a/siim-tfrec-cc-512-external,siim-tfrec-cc-512-external,gs://kds-cfe883cf8aaaf95a08dd613590f006770c71c68c86b5126696e371b9
graf10a/siim-tfrec-cc-640-external,siim-tfrec-cc-640-external,gs://kds-31297163ab9d01c12787b949198ea30fb96cdfb8b7975445277cbd6b
graf10a/siim-tfrec-cc-640-test,siim-tfrec-cc-640-test,gs://kds-46fb08041b0585d980c87c5c7842c8ea3bf944ff36ee2f3dea19cc32
graf10a/siim-tfrecs-opencv-512-external,siim-tfrecs-opencv-512-external,gs://kds-d43057020b11bed2543231257c8b559816850f034e7a52278a8b3452
graf10a/siim-tfrecs-opencv-512-test,siim-tfrecs-opencv-512-test,gs://kds-bed1cb706bb48e948b9c2368378d0c8fd01d3daf20d5bea106b9c2ec
graf10a/siim-tfrecs-opencv-512-train,siim-tfrecs-opencv-512-train,gs://kds-999a43ca0dc2169b4c0459e93a87d61d59c78fb1ce0bd8e89f40e783
hugomathien/soccer,soccer,gs://kds-57380fbbb654035ec432f67d8153c4b37703499dc553f0e7b12e7705
karangadiya/fifa19,fifa19,gs://kds-950edd66c5accf5528eb0a91efc6ad512ddfb279ceec86aff8d68afe
lava18/google-play-store-apps,google-play-store-apps,gs://kds-829235b0385d916f10ab778f176565fb95721d747d7827cec2219dcf
mlg-ulb/creditcardfraud,creditcardfraud,gs://kds-f100c1ef12f0a28bdbee4d896472a2801321c4058f0407184da29a46
paultimothymooney/chest-xray-pneumonia,chest-xray-pneumonia,gs://kds-294933660d0c81513494d27eb2b08c8d51c4e8b945b58ecaeeab7568
ronitf/heart-disease-uci,heart-disease-uci,gs://kds-85348df8105d97cb4da1663a72cd0a8a84534504e971e191973a71c2
sudalairajkumar/novel-corona-virus-2019-dataset,novel-corona-virus-2019-dataset,gs://kds-d61e3c419fd06e522a84ba4d9a5ab62b9995001ee2d21d835e44aa1f
tmdb/tmdb-movie-metadata,tmdb-movie-metadata,gs://kds-4d172f9374ccd4b463f9187e1067099748667f3d697611439b959eb6
zynicide/wine-reviews,wine-reviews,gs://kds-e99f788183d805b032073bcaba6524481fc57ea828db5d30358d2d26
aaron7sun/stocknews,stocknews,gs://kds-32b4ed60a36abc32b0e4898f27a446f646be93a0b95e41517bb068ed
abcsds/pokemon,pokemon,gs://kds-8a69ba0841f34dabdd16da0eb5e117582d89f14e0956ac3e04d02726
berkeleyearth/climate-change-earth-surface-temperature-data,climate-change-earth-surface-temperature-data,gs://kds-ff1461993b9ad6676df2d2e5ae96e263c264eded6db214b4a8174662
blastchar/telco-customer-churn,telco-customer-churn,gs://kds-7072e674e8e392f27312d650e4fcb485ac2dd8db56c2bdf301dd72f2
dgomonov/new-york-city-airbnb-open-data,new-york-city-airbnb-open-data,gs://kds-5284cdbd90896f60d9597c6663f07600c1065ae81858fca9f0e62cc8
gregorut/videogamesales,videogamesales,gs://kds-88c29b381d3abcbacd7bf27de90c8b7225753a17b3b2387cf5fdfcfe
heesoo37/120-years-of-olympic-history-athletes-and-results,120-years-of-olympic-history-athletes-and-results,gs://kds-13d4a5bcae47b0032e064e7417d7eafa9c96500f6a207d6e1f2301fd
kashnitsky/mlcourse,mlcourse,gs://kds-2c3991eb0466ac50eaae7599da7071abc2a631acf093c90c0e61fd1d
kemical/kickstarter-projects,kickstarter-projects,gs://kds-e1b0a5d9ff52c39f1076c988d90096568be94eaae6b437238d57b84d
kimjihoo/coronavirusdataset,coronavirusdataset,gs://kds-9169a0f3af76a5f38c1e746c29cd68a3df162b408b31908d4cd8a1b2
mczielinski/bitcoin-historical-data,bitcoin-historical-data,gs://kds-47964ed6c00c4763006cd0604e0a1da731f24b41a4324cc2d4a52e92
mohansacharya/graduate-admissions,graduate-admissions,gs://kds-8872ab200149dc743500ffde4ea4830c42963cf698b5e291539fce29
moltean/fruits,fruits,gs://kds-9575b356b9fea2430559388e3836d927d25c77a6a9c0e15ace7e4829
neuromusic/avocado-prices,avocado-prices,gs://kds-a0daf5002aa2902919e80cbcb796de01c96392663d01c3da0bc485d3
pavansubhasht/ibm-hr-analytics-attrition-dataset,ibm-hr-analytics-attrition-dataset,gs://kds-ef23e7bad704a8897ae0c4fac43ad0ac587a396d92b3eef1e773a329
roche-data-science-coalition/uncover,uncover,gs://kds-6c5aefdd848d02c09d18e2d93916a452639abc89b92779bfe3f0b2a6
rounakbanik/the-movies-dataset,the-movies-dataset,gs://kds-f64a95a456c639d8c7e55924d3cc493c5fb18c684e0de2ffed3841d9
russellyates88/suicide-rates-overview-1985-to-2016,suicide-rates-overview-1985-to-2016,gs://kds-4bf059cd58ada341fe728071562ab3c44de8c68ae14c57132d1024c6
shivamb/netflix-shows,netflix-shows,gs://kds-fec413ad7189c07f47c5f0648f02f4817442f0d1d87cb982225e7ba4
snap/amazon-fine-food-reviews,amazon-fine-food-reviews,gs://kds-6876fb9c70d992161c43e7f1c609f717cb6aa8bc516444c608d4b69a
spscientist/students-performance-in-exams,students-performance-in-exams,gs://kds-bee4d0fb250c27b9c267bda26e0f5cb3b4b5db612b119f882ddbbb6a
START-UMD/gtd,gtd,gs://kds-420fcce4d3ab4bf10c6e45c3c7ce9b00aa4f92a63caa8b668921c35a
timoboz/data-science-cheat-sheets,data-science-cheat-sheets,gs://kds-61e2055dc8e9cd8e44560e41369d917261c666ff18a641abc5f56068
uciml/breast-cancer-wisconsin-data,breast-cancer-wisconsin-data,gs://kds-d25e547d0425dc7141288ac1a6af13be1b342d3cdcd8fac16bacc04a
uciml/iris,iris,gs://kds-b5f1dbe66dca27a2c5f701ae3d8393b9157ca6b9d9e142226f4bcea2
uciml/mushroom-classification,mushroom-classification,gs://kds-2198632a351b4f9dc661526a25a8f9e30404bd868070b61be9fb7368
uciml/pima-indians-diabetes-database,pima-indians-diabetes-database,gs://kds-bfbc7feffca02170b6dd7a2c2b70be1fa7b4c07b511dc73a63d51ea5
unsdsn/world-happiness,world-happiness,gs://kds-7d3ce69f7f277795309967d47ca479008dadb4649f2d6146800f6fd6
worldbank/world-development-indicators,world-development-indicators,gs://kds-4482df9fcf10bf1cffc40377bce359b9817b7b7681f7d3cc51b2d734
zalando-research/fashionmnist,fashionmnist,gs://kds-53e050b4f48f1bae822d38b99dc5faa7888586d2cae0e0277f1a62f6
alxmamaev/flowers-recognition,flowers-recognition,gs://kds-692eb7bc5a86cb96b090718697b37a294400714c4f027dc147610145
datamunge/sign-language-mnist,sign-language-mnist,gs://kds-3ff1a3acb46b9cd7e35fa3eb8225d4095ffc5ce3f81f895f8b9c20bb
dgawlik/nyse,nyse,gs://kds-f86e7884ef34a73768ff026b26eb361c2cd0cfceb5c1620e2ab390f3
fivethirtyeight/fivethirtyeight-comic-characters-dataset,fivethirtyeight-comic-characters-dataset,gs://kds-ed21050eedab4d66642289fa64142d5bd6c5805f5cce82430c8d04c8
harlfoxem/housesalesprediction,housesalesprediction,gs://kds-16b4dd8658bcc49f39a8d96089dad7b14fa6a0ba759724dfb07d8511
himanshupoddar/zomato-bangalore-restaurants,zomato-bangalore-restaurants,gs://kds-7a55d942e3d7f39847c6b393769657acde070b8992fa70fc5756b054
iarunava/cell-images-for-detecting-malaria,cell-images-for-detecting-malaria,gs://kds-ecae43deee1ef67467029e7dd2f6766288f59b78eea010bd29735b3c
imdevskp/corona-virus-report,corona-virus-report,gs://kds-277843f1bd79872512b17d7037f72dd7dcfb023dc06ab98dc697c977
jameslko/gun-violence-data,gun-violence-data,gs://kds-c4870f1564e5e485cbe8b7f38e5aa4b3c38240853450d045ad77ae7c
jealousleopard/goodreadsbooks,goodreadsbooks,gs://kds-899d7fe488b3ed3307af8a37cae9deb9dbd83e68f66bde3077e137ff
jessemostipak/hotel-booking-demand,hotel-booking-demand,gs://kds-5aec738d1ef14a49113a7c1a83cdfdc2615970821a4851d6f4435051
kaggle/kaggle-survey-2017,kaggle-survey-2017,gs://kds-81452a9075ae789e056cd5a0b5d02dcaf29a137ce67618ceaed94bf2
kaggle/kaggle-survey-2018,kaggle-survey-2018,gs://kds-e96ff75ffbc18a961d4c73a308b6f38bed64be9d88f118072ee41888
kazanova/sentiment140,sentiment140,gs://kds-a79015bef8400079cfde8cdd2a028be3491b9cc1f51a21f0f8ee88d6
kiva/data-science-for-good-kiva-crowdfunding,data-science-for-good-kiva-crowdfunding,gs://kds-816fbc14988a4a4ed71a2e762a7c774c775912ccce7c034e986d7d26
kmader/skin-cancer-mnist-ham10000,skin-cancer-mnist-ham10000,gs://kds-1c05aeea8f05f57c639c9aab6c9798328809c790877bf614a53e3978
martj42/international-football-results-from-1872-to-2017,international-football-results-from-1872-to-2017,gs://kds-1c2362cd5dabe5ca7bb17b40e8adfababe3efcd3a3a92541f9f6e1cf
mirichoi0218/insurance,insurance,gs://kds-174dee1b105872df052c815b70ca8d33180934fd0d07d2ebe87628c7
mylesoneill/game-of-thrones,game-of-thrones,gs://kds-1ee4ed2d9ef6b24527e38f9f6bb415a0c67c65fefcfc99dac34605c6
netflix-inc/netflix-prize-data,netflix-prize-data,gs://kds-03224c277e63de9dab7a04d10f00836c7d06fecc749b82b4931340d6
ntnu-testimon/paysim1,paysim1,gs://kds-4a5e69af3256775301e991c7a189a4e1e6c6c980ebc864f69bd1b544
olistbr/brazilian-ecommerce,brazilian-ecommerce,gs://kds-72278c9bdf35222cb72b5d16c413df2a2c6966121c957c6d46f34219
openfoodfacts/world-food-facts,world-food-facts,gs://kds-68f7282de11dc2183cf85f714b013bd181227ad32fb8a7a76823b120
ramamet4/app-store-apple-data-set-10k-apps,app-store-apple-data-set-10k-apps,gs://kds-f60154f388620b48bf0074ca8c6f5725e14ae4e69197242b85bdab7e
sobhanmoosavi/us-accidents,us-accidents,gs://kds-c2d441487df0d89b203d2065d7a2e01dc226fc30e721ac0035ff43c8
sudalairajkumar/covid19-in-india,covid19-in-india,gs://kds-b9e588b33ea8f2bbff2b1b166b9a7b569359804fcf5fb01241e7b609
uciml/red-wine-quality-cortez-et-al-2009,red-wine-quality-cortez-et-al-2009,gs://kds-3abebcde4af6e8e99ec7997eeb8cab28ca0b52f2c7a209ff89e6e012
uciml/student-alcohol-consumption,student-alcohol-consumption,gs://kds-d8c421c20560501d923926067f4471ffe4a748fc27be8dd3cd889b39
vjchoudhary7/customer-segmentation-tutorial-in-python,customer-segmentation-tutorial-in-python,gs://kds-2f1300a36b2550572a8bd2aafffe451c86cda9ea2e59524ca1db2edb
yelp-dataset/yelp-dataset,yelp-dataset,gs://kds-0efd3f354ad077b52e4fa59d6e9893b8f8331f0203a580be368253be
abecklas/fifa-world-cup,fifa-world-cup,gs://kds-b25cc67c786f99b113a9c8735ca1ce1584e4f6585e41ed3c53b55d83
AnalyzeBoston/crimes-in-boston,crimes-in-boston,gs://kds-8fbf4a1a8588f1005014242489bbfad23365c8fe7f4ac646b670c235
annavictoria/speed-dating-experiment,speed-dating-experiment,gs://kds-ae3b39d784e4280f6da64343ffab03135860b4be04e718494f71ccd3
camnugent/sandp500,sandp500,gs://kds-3fb6ec66e5710a84f242d0b8971301ec5d40a05a08c191dac07b1d49
carrie1/ecommerce-data,ecommerce-data,gs://kds-93b6b8a45181bfb1a039723793d1224309092e51a867567fdf7ed365
CooperUnion/anime-recommendations-database,anime-recommendations-database,gs://kds-3d97880260aa4ecb8d6b78860266ed721aa20add5a0847dd234d6589
crowdflower/twitter-airline-sentiment,twitter-airline-sentiment,gs://kds-539104b28bfe88cb4539b4534be02afa1e2359dc82757c65ed28079d
datasnaek/mbti-type,mbti-type,gs://kds-60b4ec8a59144cb4ac990fb8fa87287db2903e1e8fa01339fcfea703
donorschoose/io,io,gs://kds-78c5ad12f99347603e6cf27902a42d38d7b1fcaf09b2a218c14c2adc
drgilermo/nba-players-stats,nba-players-stats,gs://kds-c8ab980ce733a3a332543e0510f36af9d9f3c54dadb7bc5e43c312c5
gustavomodelli/forest-fires-in-brazil,forest-fires-in-brazil,gs://kds-1c67a132c4fa3ebb5716fdd8395bde1fbc23190ea9071f6ac212c6ab
ikarus777/best-artworks-of-all-time,best-artworks-of-all-time,gs://kds-dd20b92d51c57a173821993ce3b74c8a4db6033e59e0f10303d7743c
jessicali9530/celeba-dataset,celeba-dataset,gs://kds-d7e10fd517e4f54b29e7086711d1ae37a682dd27ebf158184b9a0cf6
joniarroba/noshowappointments,noshowappointments,gs://kds-edc4a34613cbcdbc7fa0a275ff122dbb3dd92dabf327098efa9388b5
leonardopena/top50spotify2019,top50spotify2019,gs://kds-7c311a730c478b66092e4f801b100bcbdc141b9cd2e4ba74aeacaf64
manasgarg/ipl,ipl,gs://kds-0e854ec06ef19778658763ff563e5d5eb76308a2442c0c905232e8cc
mylesoneill/world-university-rankings,world-university-rankings,gs://kds-faef2f65e9c2c141fa7e53b2b65fa3686d82d043d31883c18462db93
nicapotato/womens-ecommerce-clothing-reviews,womens-ecommerce-clothing-reviews,gs://kds-c64efae2fa757b6b5d5dca5f84d85f423c151c8287b8ef4664a2a462
nih-chest-xrays/data,data,gs://kds-35e767b61f3930d5918e743edc4f5ad5f511714a979b93be5e8d7b96
osmi/mental-health-in-tech-survey,mental-health-in-tech-survey,gs://kds-02e214ef9caffa20405a2d27561c761830adf95122db83011855a537
passnyc/data-science-for-good,data-science-for-good,gs://kds-c87ae836acd902384ceea31ca66a3dda242c4d745e77e240f6da8709
primaryobjects/voicegender,voicegender,gs://kds-6127491994d21d66aca46a1814323a4a51b1a1cdbbaaea099a47ddf0
rajeevw/ufcdata,ufcdata,gs://kds-cf2cb96b2b74071847358b7f53759ab297c6e5b765b623692286d91f
rounakbanik/pokemon,pokemon,gs://kds-60e27dbf92cb38cc2c128d670509a0720066b79fa66954e892342251
rounakbanik/ted-talks,ted-talks,gs://kds-24252dec022430871bceeb55650b98205d61fbd3a5106381a69b5fd1
rush4ratio/video-game-sales-with-ratings,video-game-sales-with-ratings,gs://kds-15430a40d9a8bd4cf61a8c7a8cc74084d4866affac12e4f26f4305d6
tristan581/17k-apple-app-store-strategy-games,17k-apple-app-store-strategy-games,gs://kds-e860bd874ab698b870e2b987e1091aa0755d5862a13a632bb7c075b6
uciml/sms-spam-collection-dataset,sms-spam-collection-dataset,gs://kds-11945a5689fbb86b507ee0326e627c65fa5808567a42f8a246f72653
usdot/flight-delays,flight-delays,gs://kds-4039c0d334ddfa5a1382cbe88623fb19615f52ffe6984affc236cddb
wsj/college-salaries,college-salaries,gs://kds-d2a3706fa6c382903e985a260919b0243eb8697e634ac79a15ec87f8
cdeotte/melanoma-v1-1024x1024,melanoma-v1-1024x1024,gs://kds-a395566fe01a4669d62c13e2a8b084927a499367f2f90e759b918c3e
cdeotte/melanoma-v1-128x128,melanoma-v1-128x128,gs://kds-9e0210b4855e2c78c3d5530f5d5e6455a946d7131b749ef7586308f4
cdeotte/melanoma-v1-192x192,melanoma-v1-192x192,gs://kds-ae6561f10c45515a44802146df8c15c2bee9d8614bad2d68a102daf7
cdeotte/melanoma-v1-256x256,melanoma-v1-256x256,gs://kds-b99de3bbf1d3442feecb1890c9dedd7f587e926bd2825f6411d5741b
cdeotte/melanoma-v1-384x384,melanoma-v1-384x384,gs://kds-a85d350c4dd449d9340aaf5d59068e0e68cd24915c0b85e3ca4babc8
cdeotte/melanoma-v1-512x512,melanoma-v1-512x512,gs://kds-bbd314755cedbc3425865821d26c77fe95749499c9a046bebc0fe1a3
cdeotte/melanoma-v1-768x768,melanoma-v1-768x768,gs://kds-47e8de345f2ec15c4c0ccf8500ef7baae4bcf6f84bd07933ccba09ef
cdeotte/tf-efficientnet-b4,tf-efficientnet-b4,gs://kds-df15b5515f6987b7b54b9821a691f602ef35c37d3c42da151cb5168d
graf10a/siim-cc-jpegs-128-external,siim-cc-jpegs-128-external,gs://kds-c54f506cb09bed906cdc03bf82f40b0a77d7f5a403d546da1de5cd5d
graf10a/siim-cc-jpegs-128-test,siim-cc-jpegs-128-test,gs://kds-d866d5fb212293be99ca476d8dcdaaf83e359fbde3de7a6851c8d80a
graf10a/siim-cc-jpegs-256-external,siim-cc-jpegs-256-external,gs://kds-f7ef1bd842fd53295d78aa89208a2182a91e2a9c74c34de41fc5ca97
graf10a/siim-cc-jpegs-256-test,siim-cc-jpegs-256-test,gs://kds-6f3c7f0cf4f1ae764f314c54e1fbadb4ac6136afab7974d4b5079381
graf10a/siim-cc-jpegs-256-train,siim-cc-jpegs-256-train,gs://kds-189f8ad7f21bb9805ef22dd74a16b0335562f1db3366c81f92c75274
graf10a/siim-cc-jpegs-384-external,siim-cc-jpegs-384-external,gs://kds-1c42d03817bd90b322b0894e8c29dc2d8919dfdd5a41b7457d5a411f
graf10a/siim-cc-jpegs-384-test,siim-cc-jpegs-384-test,gs://kds-8376a15824b2674e72ad9a4474b942ef30e6b83b43dbb3bd88f28726
graf10a/siim-cc-jpegs-384-train,siim-cc-jpegs-384-train,gs://kds-6d371b175cac8fc4653b8488dc573c85fa67264e1ee47a63305bcbe7
graf10a/siim-tfrec-cc-256-test,siim-tfrec-cc-256-test,gs://kds-7fedbd4f62c18bf022c68c05e74bd2cb89565ae403aee1eb65e48fdd
graf10a/siim-tfrec-cc-384-test,siim-tfrec-cc-384-test,gs://kds-b04a2e3c06aa0f0c005e413184a72826e908c595c788c4ced51cd3c1
graf10a/siim-tfrec-cc-512-train,siim-tfrec-cc-512-train,gs://kds-8d44d1d3c10e3f6adba9a03199486e4f98ec0de3b94e39dcd58021d0
graf10a/siim-tfrec-cc-640-train,siim-tfrec-cc-640-train,gs://kds-58f85ec38aa8be6cc448547138e4a1a8cbf1ccdbab64b60ad0025c41
graf10a/siim-tfrec-cc-768-external,siim-tfrec-cc-768-external,gs://kds-b017a5ce68a45a4c11190854077266024f926d3020e0e7f601866bb8
graf10a/siim-tfrec-cc-768-test,siim-tfrec-cc-768-test,gs://kds-b86aa3f4cdcf7689ccdd73b5ffceb8596b103ebc295aa1cef3c4c247
graf10a/siim-tfrec-cc-768-train-part-1,siim-tfrec-cc-768-train-part-1,gs://kds-f96c7e714d07ef9880a9a1b31d8042c704b9ca97b54352648d410dea
graf10a/siim-tfrec-cc-768-train-part-2,siim-tfrec-cc-768-train-part-2,gs://kds-991c81b43515875e7fe5ab2baa2a4821703daa78b8a08fc15005271f
